{
    "accuracy": 0.7886178861788617,
    "precision": 0.7596153846153846,
    "recall": 0.9875,
    "f1_score": 0.8586956521739131
}